{"Baseline (alpha=1.0)": [[0.11368445307016373, 0.15838785469532013, 0.17181532084941864, 0.1860577017068863, 0.1919737160205841, 0.19798754155635834, 0.1938427984714508, 0.20039281249046326, 0.1950027495622635, 0.19499921798706055], [0.4067723751068115, 0.4561142921447754, 0.4592134654521942, 0.46680667996406555, 0.46439746022224426, 0.4690881669521332, 0.4691683351993561, 0.474580854177475, 0.47374168038368225, 0.46834415197372437], [0.420246422290802, 0.4808880686759949, 0.48499438166618347, 0.48422324657440186, 0.4881240427494049, 0.49143990874290466, 0.49735027551651, 0.48713645339012146, 0.4904608726501465, 0.49921828508377075], [0.430268794298172, 0.4850793778896332, 0.494479238986969, 0.48122990131378174, 0.48253265023231506, 0.49031251668930054, 0.49050548672676086, 0.4888138175010681, 0.48684972524642944, 0.4913398325443268], [0.42008399963378906, 0.47549280524253845, 0.4832163155078888, 0.49319988489151, 0.4843815267086029, 0.493975430727005, 0.48913446068763733, 0.4877229630947113, 0.48756247758865356, 0.488983690738678], [0.415970116853714, 0.46961772441864014, 0.48070281744003296, 0.4811098575592041, 0.4835909903049469, 0.4886878430843353, 0.4848998785018921, 0.4836774170398712, 0.4876832962036133, 0.49052000045776367], [0.41544434428215027, 0.46261632442474365, 0.47151023149490356, 0.4730616807937622, 0.48701605200767517, 0.4768317639827728, 0.47746995091438293, 0.4854866564273834, 0.47808268666267395, 0.4779733717441559], [0.4013620913028717, 0.4632725417613983, 0.471716046333313, 0.4624275863170624, 0.4720975160598755, 0.4776391386985779, 0.4818492531776428, 0.48518669605255127, 0.4776093661785126, 0.47982749342918396], [0.39915725588798523, 0.46306097507476807, 0.45827385783195496, 0.46695372462272644, 0.4685043394565582, 0.46779200434684753, 0.46961167454719543, 0.4781065285205841, 0.47334009408950806, 0.4684518873691559], [0.39363130927085876, 0.4595877528190613, 0.45648181438446045, 0.4670581519603729, 0.4614696502685547, 0.4601242244243622, 0.46798354387283325, 0.47049352526664734, 0.46527230739593506, 0.47274839878082275]], "Alpha=0.9": [[0.11368445307016373, 0.08193318545818329, 0.06475155800580978, 0.054409146308898926, 0.05352698639035225, 0.052323248237371445, 0.05005123093724251, 0.05001109838485718, 0.049997467547655106, 0.049997467547655106], [0.40614330768585205, 0.28931841254234314, 0.26854005455970764, 0.26345840096473694, 0.261225163936615, 0.260525643825531, 0.2603554427623749, 0.2602800726890564, 0.2602544128894806, 0.2602218985557556], [0.4189889132976532, 0.30699384212493896, 0.28439468145370483, 0.2787712514400482, 0.27671724557876587, 0.27633363008499146, 0.27610862255096436, 0.27600714564323425, 0.27595505118370056, 0.2759394347667694], [0.42874693870544434, 0.3082025349140167, 0.2864780128002167, 0.28018850088119507, 0.27834925055503845, 0.27781906723976135, 0.27760833501815796, 0.2775334119796753, 0.2775072455406189, 0.27749693393707275], [0.41844937205314636, 0.3037121593952179, 0.28261101245880127, 0.27680256962776184, 0.27565038204193115, 0.27520114183425903, 0.27503663301467896, 0.2749195992946625, 0.27489322423934937, 0.27487415075302124], [0.41499266028404236, 0.30111366510391235, 0.2796015441417694, 0.27452024817466736, 0.2724922299385071, 0.2720097601413727, 0.2718043625354767, 0.27175289392471313, 0.2717434763908386, 0.27174344658851624], [0.414293497800827, 0.2945743799209595, 0.2748958170413971, 0.2700110375881195, 0.2689964175224304, 0.26872518658638, 0.26862648129463196, 0.26856523752212524, 0.2686258554458618, 0.268555223941803], [0.4002839922904968, 0.29616767168045044, 0.2770952582359314, 0.2722052037715912, 0.27095288038253784, 0.2705117464065552, 0.27036166191101074, 0.270323246717453, 0.27030110359191895, 0.2702973783016205], [0.3977280855178833, 0.289615660905838, 0.2722034752368927, 0.2673223316669464, 0.2660371661186218, 0.2654730975627899, 0.2652934491634369, 0.26521459221839905, 0.2652002274990082, 0.26519668102264404], [0.3924604654312134, 0.28927507996559143, 0.2717255651950836, 0.26587894558906555, 0.2646264433860779, 0.26408669352531433, 0.26392847299575806, 0.26386192440986633, 0.26382726430892944, 0.2638140022754669]], "Alpha=0.7": [[0.11343871802091599, 0.0824296846985817, 0.0652911365032196, 0.05461013317108154, 0.05362846702337265, 0.05236807465553284, 0.05011719837784767, 0.050053488463163376, 0.050028618425130844, 0.050028618425130844], [0.42513203620910645, 0.29863235354423523, 0.27257776260375977, 0.2646959722042084, 0.26187023520469666, 0.26098668575286865, 0.26042619347572327, 0.2601410150527954, 0.2600235044956207, 0.2599359154701233], [0.4354878067970276, 0.31540676951408386, 0.28713154792785645, 0.2792930006980896, 0.27723562717437744, 0.27633824944496155, 0.27596861124038696, 0.2757468521595001, 0.275638222694397, 0.27557772397994995], [0.44360068440437317, 0.3174472451210022, 0.2887856066226959, 0.280447781085968, 0.2778835594654083, 0.2769646644592285, 0.2763594686985016, 0.27606508135795593, 0.27591192722320557, 0.27585795521736145], [0.4335979223251343, 0.3122839629650116, 0.2864239513874054, 0.2788665294647217, 0.27635458111763, 0.2754139304161072, 0.27498146891593933, 0.27477020025253296, 0.2746615409851074, 0.27460387349128723], [0.42552241683006287, 0.31257590651512146, 0.28630417585372925, 0.2776590585708618, 0.2749398946762085, 0.273786723613739, 0.2733185589313507, 0.27312758564949036, 0.2730391323566437, 0.2730027437210083], [0.4311707317829132, 0.3084365129470825, 0.280320405960083, 0.27249959111213684, 0.27055925130844116, 0.2697513699531555, 0.2693804204463959, 0.2692102789878845, 0.2691514194011688, 0.2691141664981842], [0.415012001991272, 0.30566710233688354, 0.2801951766014099, 0.27405908703804016, 0.2719312906265259, 0.27086901664733887, 0.27045974135398865, 0.2702505886554718, 0.2701461613178253, 0.27009421586990356], [0.4136848747730255, 0.2991076111793518, 0.2762868106365204, 0.2688840925693512, 0.26680856943130493, 0.26602378487586975, 0.2657445967197418, 0.2655225098133087, 0.2654055058956146, 0.2652788758277893], [0.40807971358299255, 0.2942695915699005, 0.2731756567955017, 0.26697319746017456, 0.26506567001342773, 0.26429280638694763, 0.2638927400112152, 0.2636914849281311, 0.2635915279388428, 0.2635398507118225]],