{
  "rows": [
    {
      "body_count": 44,
      "contact_mode": "none",
      "cuda_graph_error": null,
      "cuda_graph_max_step_us": 289.9100072681904,
      "cuda_graph_mean_step_us": 77.63542211614549,
      "cuda_graph_min_step_us": 74.52000863850117,
      "cuda_graph_p50_step_us": 76.93999214097857,
      "cuda_graph_p90_step_us": 77.99000013619661,
      "cuda_graph_p95_step_us": 78.04995693732053,
      "cuda_graph_speedup_vs_python": 2.790657433837462,
      "dt": 0.002777777777777778,
      "joint_count": 44,
      "joint_dof_count": 49,
      "joint_stiffness": "fixed_high",
      "max_step_us": 238.9290020801127,
      "mean_step_us": 216.6538678575307,
      "min_step_us": 211.74998255446553,
      "mode": "vbd_local",
      "mujoco_iterations": null,
      "p50_step_us": 215.10495571419597,
      "p90_step_us": 222.23293781280518,
      "p95_step_us": 224.33049452956766,
      "robot": "g1",
      "shape_count": 104,
      "steps": 500,
      "vbd_iterations": 1,
      "warmup": 50
    },
    {
      "body_count": 44,
      "contact_mode": "none",
      "cuda_graph_error": null,
      "cuda_graph_max_step_us": 1863.4590087458491,
      "cuda_graph_mean_step_us": 1788.4033343289047,
      "cuda_graph_min_step_us": 1784.2789529822767,
      "cuda_graph_p50_step_us": 1788.3699911180884,
      "cuda_graph_p90_step_us": 1790.1299986988306,
      "cuda_graph_p95_step_us": 1790.4900014400482,
      "cuda_graph_speedup_vs_python": 1.0552007554117044,
      "dt": 0.002777777777777778,
      "joint_count": 44,
      "joint_dof_count": 49,
      "joint_stiffness": "fixed_high",
      "max_step_us": 1976.1900184676051,
      "mean_step_us": 1887.124549364671,
      "min_step_us": 1880.8890017680824,
      "mode": "vbd_sparse",
      "mujoco_iterations": null,
      "p50_step_us": 1886.1399730667472,
      "p90_step_us": 1891.3570675067604,
      "p95_step_us": 1894.2605005577207,
      "robot": "g1",
      "shape_count": 104,
      "steps": 500,
      "vbd_iterations": 1,
      "warmup": 50
    },
    {
      "body_count": 44,
      "contact_mode": "none",
      "cuda_graph_error": null,
      "cuda_graph_max_step_us": 373.8899831660092,
      "cuda_graph_mean_step_us": 293.14465285278857,
      "cuda_graph_min_step_us": 290.5299770645797,
      "cuda_graph_p50_step_us": 292.98951267264783,
      "cuda_graph_p90_step_us": 293.9710393548012,
      "cuda_graph_p95_step_us": 294.1305050626397,
      "cuda_graph_speedup_vs_python": 1.411795312862808,
      "dt": 0.002777777777777778,
      "joint_count": 44,
      "joint_dof_count": 49,
      "joint_stiffness": "fixed_high",
      "max_step_us": 426.48002272471786,
      "mean_step_us": 413.86024688836187,
      "min_step_us": 409.19898310676217,
      "mode": "vbd_sparse_block32",
      "mujoco_iterations": null,
      "p50_step_us": 412.7599822822958,
      "p90_step_us": 418.7609942164272,
      "p95_step_us": 420.7035613944754,
      "robot": "g1",
      "shape_count": 104,
      "steps": 500,
      "vbd_iterations": 1,
      "warmup": 50
    }
  ]
}
