{
  "rows": [
    {
      "body_count": 44,
      "contact_mode": "none",
      "cpu_graph_error": null,
      "cpu_graph_max_step_us": 62.9200367256999,
      "cpu_graph_mean_step_us": 51.15492735058069,
      "cpu_graph_min_step_us": 50.359987653791904,
      "cpu_graph_p50_step_us": 50.67998426966369,
      "cpu_graph_p90_step_us": 51.28101329319179,
      "cpu_graph_p95_step_us": 56.04195175692439,
      "cpu_graph_speedup_vs_python": 4.723991990487042,
      "dt": 0.002777777777777778,
      "joint_count": 44,
      "joint_dof_count": 49,
      "joint_stiffness": "fixed_high",
      "max_step_us": 472.4200116470456,
      "mean_step_us": 241.6554670780897,
      "min_step_us": 236.97997676208615,
      "mode": "vbd_local",
      "mujoco_iterations": null,
      "p50_step_us": 239.78500394150615,
      "p90_step_us": 246.17298040539026,
      "p95_step_us": 248.5419623553753,
      "robot": "g1",
      "shape_count": 104,
      "steps": 500,
      "vbd_iterations": 1,
      "warmup": 50
    },
    {
      "body_count": 44,
      "contact_mode": "none",
      "cpu_graph_error": null,
      "cpu_graph_max_step_us": 87.4800025485456,
      "cpu_graph_mean_step_us": 73.14924034290016,
      "cpu_graph_min_step_us": 71.54000923037529,
      "cpu_graph_p50_step_us": 72.70998321473598,
      "cpu_graph_p90_step_us": 73.04002065211535,
      "cpu_graph_p95_step_us": 78.24000203981996,
      "cpu_graph_speedup_vs_python": 3.205260161981468,
      "dt": 0.002777777777777778,
      "joint_count": 44,
      "joint_dof_count": 49,
      "joint_stiffness": "fixed_high",
      "max_step_us": 325.7300122641027,
      "mean_step_us": 234.46234595030546,
      "min_step_us": 228.86996157467365,
      "mode": "vbd_sparse",
      "mujoco_iterations": null,
      "p50_step_us": 232.74499108083546,
      "p90_step_us": 240.20097334869206,
      "p95_step_us": 241.8804622720927,
      "robot": "g1",
      "shape_count": 104,
      "steps": 500,
      "vbd_iterations": 1,
      "warmup": 50
    }
  ]
}
