{
  "rows": [
    {
      "articulation_count": 1,
      "body_count": 31,
      "closure_joint_count": 6,
      "closure_joint_labels": [
        "/DR_Legs/Joints/j6_l_o",
        "/DR_Legs/Joints/j6_r_o",
        "/DR_Legs/Joints/j9_l_i",
        "/DR_Legs/Joints/j9_l_o",
        "/DR_Legs/Joints/j9_r_i",
        "/DR_Legs/Joints/j9_r_o"
      ],
      "completed_substeps": 360,
      "contact_normal_damping_scale": 1.0,
      "contact_normal_stiffness_scale": 1.0,
      "contact_pipeline": "Newton",
      "device": "cuda:0",
      "diagonal_regularization": 0.0,
      "disabled_drive_suffixes": [
        "j6_l_i",
        "j6_r_i"
      ],
      "drive_kd": 2.0,
      "drive_kp": 10.0,
      "dt": 0.01,
      "failure_substep": null,
      "final_all": {
        "angular_max_rad": 0.0008520175934708909,
        "angular_norm_rad": 0.0019325263668255803,
        "linear_max_m": 6.661339524988285e-06,
        "linear_norm_m": 1.6609015402371313e-05,
        "per_joint": {
          "/DR_Legs/Joints/j1_l_i": {
            "angular_rad": 9.216526819522188e-06,
            "linear_m": 3.4154292955103184e-07
          },
          "/DR_Legs/Joints/j1_l_o": {
            "angular_rad": 2.8630927249694127e-06,
            "linear_m": 7.885221977261344e-08
          },
          "/DR_Legs/Joints/j1_r_i": {
            "angular_rad": 8.939879774288404e-06,
            "linear_m": 3.079006363776615e-07
          },
          "/DR_Legs/Joints/j1_r_o": {
            "angular_rad": 2.2539627633534665e-06,
            "linear_m": 1.5795747945468716e-07
          },
          "/DR_Legs/Joints/j2_l_i": {
            "angular_rad": 2.7073229234200988e-05,
            "linear_m": 1.1914058066840871e-06
          },
          "/DR_Legs/Joints/j2_l_o": {
            "angular_rad": 6.926308452615791e-06,
            "linear_m": 5.638975821616215e-07
          },
          "/DR_Legs/Joints/j2_r_i": {
            "angular_rad": 2.7647460839307658e-05,
            "linear_m": 1.2640153824002633e-06
          },
          "/DR_Legs/Joints/j2_r_o": {
            "angular_rad": 7.57304527665832e-06,
            "linear_m": 4.464626248338818e-07
          },
          "/DR_Legs/Joints/j3_l_i": {
            "angular_rad": 2.4416226912039988e-05,
            "linear_m": 1.3252678965336554e-06
          },
          "/DR_Legs/Joints/j3_l_o": {
            "angular_rad": 1.1899757107878728e-05,
            "linear_m": 5.839562437279883e-07
          },
          "/DR_Legs/Joints/j3_r_i": {
            "angular_rad": 2.8676810233697624e-05,
            "linear_m": 1.0559494213565866e-06
          },
          "/DR_Legs/Joints/j3_r_o": {
            "angular_rad": 8.826053595134327e-06,
            "linear_m": 4.2460243788559103e-07
          },
          "/DR_Legs/Joints/j4_l_i": {
            "angular_rad": 2.6748701912698868e-05,
            "linear_m": 1.0049604977191863e-06
          },
          "/DR_Legs/Joints/j4_l_o": {
            "angular_rad": 4.346331102897006e-05,
            "linear_m": 6.398582986069513e-07
          },
          "/DR_Legs/Joints/j4_r_i": {
            "angular_rad": 2.981286211294158e-05,
            "linear_m": 1.029017693640271e-06
          },
          "/DR_Legs/Joints/j4_r_o": {
            "angular_rad": 3.869754094730674e-05,
            "linear_m": 5.523768624861843e-07
          },
          "/DR_Legs/Joints/j5_l_i": {
            "angular_rad": 0.0008112445323338789,
            "linear_m": 6.661339524988285e-06
          },
          "/DR_Legs/Joints/j5_l_o": {
            "angular_rad": 0.0008456043549308575,
            "linear_m": 2.7783311164983264e-06
          },
          "/DR_Legs/Joints/j5_r_i": {
            "angular_rad": 0.0008520175934708909,
            "linear_m": 6.408922291596937e-06
          },
          "/DR_Legs/Joints/j5_r_o": {
            "angular_rad": 0.0008409302050530837,
            "linear_m": 2.6428717885161983e-06
          },
          "/DR_Legs/Joints/j6_l_i": {
            "angular_rad": 0.0004014317115425562,
            "linear_m": 5.723380358829334e-06
          },
          "/DR_Legs/Joints/j6_l_o": {
            "angular_rad": 0.0005231171452740091,
            "linear_m": 2.4502043232530866e-06
          },
          "/DR_Legs/Joints/j6_r_i": {
            "angular_rad": 0.00041986287998562274,
            "linear_m": 5.420831575507779e-06
          },
          "/DR_Legs/Joints/j6_r_o": {
            "angular_rad": 0.0005363376446044959,
            "linear_m": 2.3417468525235215e-06
          },
          "/DR_Legs/Joints/j7_l_i": {
            "angular_rad": 9.1311320777096e-05,
            "linear_m": 4.204093713361664e-06
          },
          "/DR_Legs/Joints/j7_l_o": {
            "angular_rad": 2.7070182387695906e-05,
            "linear_m": 1.3819752753970393e-06
          },
          "/DR_Legs/Joints/j7_r_i": {
            "angular_rad": 8.067625675906342e-05,
            "linear_m": 4.360089878005002e-06
          },
          "/DR_Legs/Joints/j7_r_o": {
            "angular_rad": 2.4382573413171076e-05,
            "linear_m": 1.460023221836791e-06
          },
          "/DR_Legs/Joints/j8_l_i": {
            "angular_rad": 4.865709512330505e-05,
            "linear_m": 4.585609018645988e-06
          },
          "/DR_Legs/Joints/j8_l_o": {
            "angular_rad": 2.1995657437080428e-05,
            "linear_m": 1.411510018817039e-06
          },
          "/DR_Legs/Joints/j8_r_i": {
            "angular_rad": 3.7052027913354534e-05,
            "linear_m": 4.366531168262965e-06
          },
          "/DR_Legs/Joints/j8_r_o": {
            "angular_rad": 2.179432010836723e-05,
            "linear_m": 1.4156097998113063e-06
          },
          "/DR_Legs/Joints/j9_l_i": {
            "angular_rad": 1.2491237937708828e-05,
            "linear_m": 1.963673690484923e-06
          },
          "/DR_Legs/Joints/j9_l_o": {
            "angular_rad": 2.840067977837556e-06,
            "linear_m": 2.800408222053627e-07
          },
          "/DR_Legs/Joints/j9_r_i": {
            "angular_rad": 1.4117579205783894e-05,
            "linear_m": 1.8087265335989784e-06
          },
          "/DR_Legs/Joints/j9_r_o": {
            "angular_rad": 2.8817841027997154e-06,
            "linear_m": 3.1922103085219964e-07
          }
        }
      },
      "final_closure": {
        "angular_max_rad": 0.0005363376446044959,
        "angular_norm_rad": 0.0007494540175575212,
        "linear_max_m": 2.4502043232530866e-06,
        "linear_norm_m": 4.3353328028744675e-06,
        "per_joint": {
          "/DR_Legs/Joints/j6_l_o": {
            "angular_rad": 0.0005231171452740091,
            "linear_m": 2.4502043232530866e-06
          },
          "/DR_Legs/Joints/j6_r_o": {
            "angular_rad": 0.0005363376446044959,
            "linear_m": 2.3417468525235215e-06
          },
          "/DR_Legs/Joints/j9_l_i": {
            "angular_rad": 1.2491237937708828e-05,
            "linear_m": 1.963673690484923e-06
          },
          "/DR_Legs/Joints/j9_l_o": {
            "angular_rad": 2.840067977837556e-06,
            "linear_m": 2.800408222053627e-07
          },
          "/DR_Legs/Joints/j9_r_i": {
            "angular_rad": 1.4117579205783894e-05,
            "linear_m": 1.8087265335989784e-06
          },
          "/DR_Legs/Joints/j9_r_o": {
            "angular_rad": 2.8817841027997154e-06,
            "linear_m": 3.1922103085219964e-07
          }
        }
      },
      "final_pelvis_height_m": 0.04319518804550171,
      "fps": 50,
      "frames": 180,
      "initial_closure": {
        "angular_max_rad": 0.0,
        "angular_norm_rad": 0.0,
        "linear_max_m": 2.6787732192018794e-08,
        "linear_norm_m": 3.216183543802025e-08,
        "per_joint": {
          "/DR_Legs/Joints/j6_l_o": {
            "angular_rad": 0.0,
            "linear_m": 4.255322758112241e-09
          },
          "/DR_Legs/Joints/j6_r_o": {
            "angular_rad": 0.0,