{
  "block_count": 89,
  "condition_positive": 207412.349497792,
  "contact_count": 8,
  "contact_direction_relative_change": 8409.653684008006,
  "contact_rhs_norm": 1138.1566036099682,
  "dense_relative_residual": 7.27454717128987e-15,
  "dense_rhs_dot_solution": 21.209652551694056,
  "eigen_max": 1462801.8923569932,
  "eigen_min": 7.052626788611569,
  "equilibrated_condition_positive": 156296.25896730908,
  "equilibrated_eigen_max": 1.999973447155003,
  "equilibrated_eigen_min": 1.2796041699074302e-05,
  "equilibrated_float32_cholesky": true,
  "equilibrated_solution_norm": 0.10239520167905611,
  "first_contact_step": 17,
  "float32_cholesky": true,
  "full_contact_wrench_norm": 1138.1566162109375,
  "joint_angular_residual_max": 5.522737964783221e-07,
  "joint_angular_residual_norm": 1.0466496298860469e-06,
  "joint_lambda_angular_norm": 0.0,
  "joint_lambda_linear_norm": 0.0,
  "joint_linear_residual_max": 1.053238559100424e-07,
  "joint_linear_residual_norm": 2.307784615493878e-07,
  "matrix_size": 186,
  "no_contact_rhs_norm": 0.38381542962281756,
  "no_contact_solution_norm": 1.217610946430373e-05,
  "normal_contact_gradient_max_abs_error": 1.505663024659043e-05,
  "normal_contact_gradient_relative_error": 7.847292557117292e-08,
  "normal_contact_numeric_wrench_norm": 194.75209090061682,
  "normal_contact_wrench_norm": 194.75207841399822,
  "normal_damping_contact_gradient_max_abs_error": 3.405734469197341e-05,
  "normal_damping_contact_gradient_relative_error": 3.065873381955674e-08,
  "normal_damping_contact_numeric_wrench_norm": 1138.156574699571,
  "normal_damping_contact_wrench_norm": 1138.1566036244265,
  "normal_friction_contact_wrench_norm": 194.7520751953125,
  "rhs_norm": 1138.1556014403645,
  "solution_max_abs": 0.021550101284226367,
  "solution_norm": 0.10239520167903002,
  "sparse_relative_residual": 3.693813046984789e-06,
  "sparse_relative_solution_error": 0.0002040754306204155,
  "sparse_rhs_dot_solution": 21.209644137932603,
  "symmetric_error": 0.015625
}
